fisher_ID,response,SE,df,lower.CL,upper.CL,species
1,0.03216038380790924,0.007685163613233384,5425.890991238769,0.020131196455277705,0.05137748712401422,Dolphins
2,0.021897573506167063,0.005148963620521889,5425.890991238769,0.013810234114967101,0.03472089766663105,Dolphins
3,0.0331894431928423,0.006178524163502343,5425.890991238769,0.023041222129191227,0.04780732260097226,Dolphins
4,0.0337505956432321,0.00770507914239887,5425.890991238769,0.021573139794816093,0.052801897039886504,Dolphins
5,0.007651279386805337,0.00337882588842004,5425.890991238769,0.003219268966827016,0.01818489752120732,Dolphins
7,0.01687351355440105,0.007989801909854781,5425.890991238769,0.006669018404926622,0.042692258797820584,Dolphins
8,0.00760516257185573,0.005081246597632669,5425.890991238769,0.0020524249191958286,0.028180566900842956,Dolphins
9,0.0041213428448097144,0.003072426007171942,5425.890991238769,9.55726559285762e-4,0.017772308072256455,Dolphins
10,0.005407040116250798,0.004327178736611234,5425.890991238769,0.0011261672311309453,0.025960693945414573,Dolphins
11,0.0059160982149079056,0.004855283701311896,5425.890991238769,0.0011838774881305397,0.029564054084435153,Dolphins
15,0.006809385082109797,0.005840070016556706,5425.890991238769,0.0012673947187698653,0.03658507054650189,Dolphins
16,0.033523604284986096,0.017309634137143797,5425.890991238769,0.012182651114852873,0.0922485617999995,Dolphins
18,0.001832656772279263,0.0042331280749824006,5425.890991238769,1.979294587593339e-5,0.16968827510738904,Dolphins
1,0.12117620559264618,0.01959704404390767,5419.645740754814,0.08825255318736133,0.16638241355643985,Turtles
2,0.09861380710159513,0.012982701711754653,5419.645740754814,0.07618164312669216,0.1276512628494794,Turtles
3,0.19143892037815272,0.021655919485473487,5419.645740754814,0.1533625277086498,0.238968806677315,Turtles
4,0.1210249491785637,0.021945256020877688,5419.645740754814,0.08481905861955838,0.17268569779076126,Turtles
5,0.011872065860639444,0.004275006814797447,5419.645740754814,0.005860694073709391,0.024049361052922533,Turtles
7,0.07405090898234507,0.01773042563239145,5419.645740754814,0.04631022538300527,0.11840877637196467,Turtles
8,0.013009467228618544,0.007549479923398914,5419.645740754814,0.0041705303273569284,0.04058146669317223,Turtles
9,0.007041758454777223,0.004934668688848198,5419.645740754814,0.001782581873609424,0.027817158285707567,Turtles
10,0.013250200684565972,0.009648102670910017,5419.645740754814,0.003178949224355965,0.05522825493283602,Turtles
11,0.028412383145175576,0.014231451653017257,5419.645740754814,0.010642775219292737,0.07585084711033707,Turtles
15,0.028030341545539388,0.016161453787860814,5419.645740754814,0.009051936404697324,0.08679911259118743,Turtles
16,0.08503974363500573,0.029131900361843658,5419.645740754814,0.043447254858531764,0.16644913518828208,Turtles
18,0.060874354366869304,0.025497103364208656,5419.645740754814,0.02678123741238055,0.1383687752183586,Turtles
