species,fisher_ID,emm_response,SE_emm,df_emm,lowerCL_emm,upperCL_emm,coeffs_estimate,SE_coeffs,tval_coeffs,pval_coeffs,fisher_ID_dolsorder,fisher_ID_turtsorder,sig_dol,sig_turt,n_sets,avg_bycatch
Dolphins,2,0.01873702750347008,0.00444360586823158,5423.731936237468,0.01177030582675215,0.0298272793275983,NA,NA,NA,NA,2,NA,NA,NA,873,0.03092783505154647
Dolphins,1,0.02958935405658838,0.007035207996434,5423.731936237468,0.01856553162048509,0.04715889053885691,0.5930265467838737,0.3231780658360392,1.8349838973438843,0.06656280908951076,1,NA,FALSE,NA,339,0.13569321533923306
Dolphins,3,0.03140007126399825,0.00574722187257765,5423.731936237468,0.02193302977401296,0.04495340979076109,1.0499395366854762,0.3263471588642866,3.2172473642465502,0.00130187645907555,3,NA,TRUE,NA,802,0.07107231920199492
Dolphins,4,0.03252504838197844,0.00728163810614381,5423.731936237468,0.02097057016163688,0.0504458755339566,1.109335062764832,0.296452460277107,3.742033585175472,1.844237949688943e-4,4,NA,TRUE,NA,901,0.028856825749167665
Dolphins,5,0.00701414678822942,0.00310117420312453,5423.731936237468,0.00294813901183834,0.01668790208645932,1.1445354122285816,0.3187575029377136,3.590614814334984,3.328176723525456e-4,5,NA,TRUE,NA,551,0.007259528130671483
Dolphins,7,0.01506259912399792,0.00711228203399113,5423.731936237468,0.00596882031722524,0.03801117814109953,-0.3895460203106088,0.463965737927287,-0.8396008335677121,0.4011692375460689,7,NA,FALSE,NA,320,0.012500000000000023
Dolphins,8,0.00715475949605946,0.00484410867598203,5423.731936237468,0.00189741760280951,0.02697908113145734,0.37473969237466986,0.48947592146669466,0.7655937216518796,0.44395139531631667,8,NA,FALSE,NA,292,0.0034246575342465647
Dolphins,9,0.00372589488790663,0.00281547004196655,5423.731936237468,8.469877653095322e-4,0.01639019273277869,-0.3696973006662953,0.6524148397563425,-0.5666598583262854,0.5709687460664723,9,NA,FALSE,NA,327,0
Dolphins,10,0.00503554794634837,0.00411514518386254,5423.731936237468,0.00101454996207,0.02499309454236974,-1.0221680383577822,0.718794177738706,-1.4220594295483535,0.1550665014320378,10,NA,FALSE,NA,186,0
Dolphins,11,0.00540296189267058,0.00450402018968578,5423.731936237468,0.00105413055289999,0.02769296187587097,-0.7209527519743074,0.7718634646226314,-0.9340418157073744,0.3503239038638588,11,NA,FALSE,NA,252,0
Dolphins,15,0.00611631932527554,0.00529720849948829,5423.731936237468,0.00111974420547905,0.0334088463290905,-0.6505277978583549,0.785653260952836,-0.828008779686599,0.40770195929946185,15,NA,FALSE,NA,247,0
Dolphins,16,0.03492674577228914,0.01806492848967824,5423.731936237468,0.01267063958913301,0.09627592685126536,-0.5265146015392991,0.8136865453682222,-0.6470730093011829,0.5176120764795697,16,NA,FALSE,NA,209,0.01913875598086123
Dolphins,18,0.00169812986998657,0.00400221983774387,5423.731936237468,1.6725439857391033e-5,0.1724107156480151,1.2157777905146736,0.5269740452955407,2.3070923537284154,0.02108715750591652,18,NA,TRUE,NA,139,0
Turtles,2,0.10283568644735612,0.01279885745793442,5420.004717754615,0.08057127586286834,0.13125246303779298,NA,NA,NA,NA,NA,2,NA,NA,873,0.10996563573883174
Turtles,1,0.14537840160698973,0.02005503604850067,5420.004717754615,0.11093022852564786,0.19052407927670195,0.699267934655178,0.1475059103360316,4.740609600403016,2.1852846047445908e-6,NA,1,NA,TRUE,339,0.3598820058997049
Turtles,3,0.21692525353102624,0.02145044317150949,5420.004717754615,0.17869856896168826,0.26332928065914524,1.0454755068546429,0.15904547423192086,6.573437640420535,5.3775271694038905e-11,NA,3,NA,TRUE,802,0.3279301745635912
Turtles,4,0.1294694272615713,0.01767677906065214,5420.004717754615,0.09906600046784628,0.16920368760501064,1.445688337873826,0.12802289110496454,11.292420639747329,3.0284144940367747e-29,NA,4,NA,TRUE,901,0.08435072142064398
Turtles,5,0.01556297316893883,0.004980077937223,5420.004717754615,0.00831096118116862,0.02914297499137792,0.9295802677906708,0.15219365032319845,6.1078781264304665,1.0799250445129939e-9,NA,5,NA,TRUE,551,0.014519056261342957
Turtles,7,0.07795331235558439,0.01840618615694875,5420.004717754615,0.04906881955597754,0.12384073964271766,-1.1889699243622085,0.3040726128746382,-3.91015130603818,9.336499046721987e-5,NA,7,NA,TRUE,320,0.059374999999999956
Turtles,8,0.0201079481822326,0.00933505747944668,5420.004717754615,0.00809303851983188,0.04996016997924168,0.4222455853827905,0.2313361313163428,1.8252470246655363,0.06801876791996492,NA,8,NA,FALSE,292,0.010273972602739729
Turtles,9,0.01230844747564075,0.00603727856977788,5420.004717754615,0.00470540158225739,0.03219658866776828,-0.9327493337004404,0.43129623095133046,-2.162665163205881,0.03061053858584394,NA,9,NA,TRUE,327,0.006116207951070315
Turtles,10,0.01901288324416072,0.00985267067273875,5420.004717754615,0.00688411480864853,0.05251070606811308,-1.4235786892689062,0.4552913480904156,-3.126742239314857,0.00177690555512206,NA,10,NA,TRUE,186,0.010752688172043019
Turtles,11,0.03415439280007304,0.01501786706267913,5420.004717754615,0.01442398129928245,0.08087382556435452,-0.9887476876886824,0.4801231129296845,-2.059362819788864,0.03950715528771968,NA,11,NA,TRUE,252,0.015873015873015903
Turtles,15,0.03295581962010287,0.01601885145301316,5420.004717754615,0.01270854260119836,0.08546110131702625,-0.4029732923045848,0.41037364291794126,-0.9819667984504644,0.32616003512077407,NA,15,NA,FALSE,247,0.01214574898785425
Turtles,16,0.08572545338682928,0.02878533114046835,5420.004717754615,0.04438386736404927,0.16557487652213868,-0.4386966374716629,0.45233598192824415,-0.969846872675398,0.33216610134158153,NA,16,NA,FALSE,209,0.043062200956937864
Turtles,18,0.070108016822488,0.02883006732860642,5420.004717754615,0.03130800394427083,0.15699289010986914,0.5172852846321652,0.31842897961234773,1.6244918576880256,0.10432902303128812,NA,18,NA,FALSE,139,0.043165467625899304
