term,estimate,std.error,statistic,p.value,species,fisher_ID
fisher_ID1,1.0564536257372128,0.32435370817692205,3.2571035850805177,0.0011324743011877126,Dolphins,1
fisher_ID2,0.6720940790507814,0.320552416346117,2.096674505566936,0.036068582151482335,Dolphins,2
fisher_ID3,1.0879500964102329,0.29377719495869115,3.7033170548286183,2.1491266638008297e-4,Dolphins,3
fisher_ID4,1.1047163130232842,0.31467317494638136,3.5106783830923054,4.505978935707663e-4,Dolphins,4
fisher_ID5,-0.37940887886722546,0.4607898088423421,-0.8233881730597021,0.41032347422393145,Dolphins,5
fisher_ID6,0.41146339438582397,0.4883243559652878,0.8426026458837383,0.3994878502346637,Dolphins,7
fisher_ID7,-0.38545445037525006,0.642751585574089,-0.5996942816266602,0.5487350410673224,Dolphins,8
fisher_ID8,-0.9981027093648872,0.7082170444208371,-1.4093175492283043,0.15879860073488175,Dolphins,9
fisher_ID9,-0.7265799231378341,0.7554868607420161,-0.9617373390507541,0.33622441738919995,Dolphins,10
fisher_ID10,-0.6366046065437815,0.7729802874686259,-0.8235715927873779,0.41021921932688254,Dolphins,11
fisher_ID11,-0.49597993305621957,0.804729569942389,-0.616331189484844,0.5377018137575936,Dolphins,15
fisher_ID12,1.0979680434071903,0.5238977663115889,2.0957677509053787,0.036149016998620845,Dolphins,16
fisher_ID13,-1.8085150506693277,NA,NA,NA,Dolphins,18
fisher_ID1,1.0625107413368997,0.18118484725045392,5.864236206619303,4.778846789955979e-9,Turtles,1
fisher_ID2,0.8564762937301255,0.16260926406421827,5.2670817905668805,1.4396332245919028e-7,Turtles,2
fisher_ID3,1.5198338145739645,0.14567840690292821,10.432800899495662,3.0416418210454577e-25,Turtles,3
fisher_ID4,1.061261726369245,0.18722739032765626,5.668303790978391,1.5166544213035794e-8,Turtles,4
fisher_ID5,-1.2605467555610776,0.34582571054171196,-3.645034817065853,2.698604996718058e-4,Turtles,5
fisher_ID6,0.5700178263582671,0.24580518557681472,2.3189821037365186,0.020433010298014764,Turtles,7
fisher_ID7,-1.169057648758669,0.541873822912818,-2.1574351801577216,0.03101558518958323,Turtles,8
fisher_ID8,-1.7828770700431948,0.6517718060502107,-2.7354314094185397,0.0062501320173774235,Turtles,9
fisher_ID9,-1.1507222912088055,0.674423619958181,-1.7062307089424869,0.08802242514826349,Turtles,10
fisher_ID10,-0.38790991315739565,0.4736771238890086,-0.8189331795729493,0.4128605461302409,Turtles,11
fisher_ID11,-0.4014474394292343,0.5432734886944103,-0.7389417075992222,0.4599743950782267,Turtles,15
fisher_ID12,0.7083837298577312,0.33535293769508673,2.1123528385542745,0.03470181886820895,Turtles,16
fisher_ID13,0.37407698593214395,NA,NA,NA,Turtles,18
